<?xml version="1.0" encoding="utf-8" ?>
<dwsync>
<file name="banner.gif" server="C:/wamp/www/bzw/" local="130567104903401386" remote="130567104900000000" Dst="0" />
<file name="br.gif" server="C:/wamp/www/bzw/" local="130564493602567263" remote="130564493600000000" Dst="0" />
<file name="bg1.gif" server="C:/wamp/www/bzw/" local="130564495462863666" remote="130564495460000000" Dst="0" />
<file name="bg2.gif" server="C:/wamp/www/bzw/" local="130564621357292100" remote="130564621350000000" Dst="0" />
<file name="gre2.gif" server="C:/wamp/www/bzw/" local="130564503756738048" remote="130564503750000000" Dst="0" />
<file name="blu1.gif" server="C:/wamp/www/bzw/" local="130564504319090213" remote="130564504310000000" Dst="0" />
<file name="th-bg.gif" server="C:/wamp/www/bzw/" local="130564504858181047" remote="130564504850000000" Dst="0" />
<file name="box-cen.gif" server="C:/wamp/www/bzw/" local="130564626735149695" remote="130564626730000000" Dst="0" />
<file name="loading_16x16.gif" server="C:/wamp/www/bzw/" local="130564509771602079" remote="130564509770000000" Dst="0" />
<file name="pndus.gif" server="C:/wamp/www/bzw/" local="130564512260214419" remote="130564512260000000" Dst="0" />
<file name="enter.png" server="C:/wamp/www/bzw/" local="130564572503650147" remote="130564572500000000" Dst="0" />
<file name="lightbox.gif" server="C:/wamp/www/bzw/" local="130564517573068297" remote="130564517570000000" Dst="0" />
<file name="bot.gif" server="C:/wamp/www/bzw/" local="130564518351142800" remote="130564518350000000" Dst="0" />
<file name="top.gif" server="C:/wamp/www/bzw/" local="130564518743595247" remote="130564518740000000" Dst="0" />
<file name="box-bot.gif" server="C:/wamp/www/bzw/" local="130564626468974471" remote="130564626460000000" Dst="0" />
<file name="sorry.gif" server="C:/wamp/www/bzw/" local="130564536120189132" remote="130564536120000000" Dst="0" />
<file name="bt.png" server="C:/wamp/www/bzw/" local="130564538517666260" remote="130564538510000000" Dst="0" />
<file name="btn.png" server="C:/wamp/www/bzw/" local="130564538950301005" remote="130564538950000000" Dst="0" />
<file name="button.gif" server="C:/wamp/www/bzw/" local="130564539722125151" remote="130564539720000000" Dst="0" />
<file name="dct.gif" server="C:/wamp/www/bzw/" local="130564511615557547" remote="130564511610000000" Dst="0" />
<file name="desc.gif" server="C:/wamp/www/bzw/" local="130567346353586009" remote="130567346350000000" Dst="0" />
<file name="asc.gif" server="C:/wamp/www/bzw/" local="130567348467486918" remote="130567348460000000" Dst="0" />
<file name="01.jpg" server="C:/wamp/www/bzw/" local="130573933167202008" remote="130573933160000000" Dst="0" />
<file name="02.jpg" server="C:/wamp/www/bzw/" local="130573933341411972" remote="130573933340000000" Dst="0" />
<file name="03.jpg" server="C:/wamp/www/bzw/" local="130573933518312090" remote="130573933510000000" Dst="0" />
<file name="jian.jpg" server="C:/wamp/www/bzw/" local="130565471330439389" remote="130565471330000000" Dst="0" />
<file name="01.jpg" server="C:/wamp/www/hzgrq/" local="130577731692054504" remote="130577731690000000" Dst="0" />
<file name="02.jpg" server="C:/wamp/www/hzgrq/" local="130577731692054504" remote="130577731690000000" Dst="0" />
<file name="03.jpg" server="C:/wamp/www/hzgrq/" local="130577731692064505" remote="130577731690000000" Dst="0" />
<file name="asc.gif" server="C:/wamp/www/hzgrq/" local="130577731692074506" remote="130577731690000000" Dst="0" />
<file name="banner.gif" server="C:/wamp/www/hzgrq/" local="130577731692264517" remote="130577731690000000" Dst="0" />
<file name="bg1.gif" server="C:/wamp/www/hzgrq/" local="130577731692264517" remote="130577731690000000" Dst="0" />
<file name="bg2.gif" server="C:/wamp/www/hzgrq/" local="130577731692274517" remote="130577731690000000" Dst="0" />
<file name="blu1.gif" server="C:/wamp/www/hzgrq/" local="130577731692274517" remote="130577731690000000" Dst="0" />
<file name="bot.gif" server="C:/wamp/www/hzgrq/" local="130577731692274517" remote="130577731690000000" Dst="0" />
<file name="box-bot.gif" server="C:/wamp/www/hzgrq/" local="130577731692284518" remote="130577731690000000" Dst="0" />
<file name="box-cen.gif" server="C:/wamp/www/hzgrq/" local="130577731692284518" remote="130577731690000000" Dst="0" />
<file name="br.gif" server="C:/wamp/www/hzgrq/" local="130577731692284518" remote="130577731690000000" Dst="0" />
<file name="bt.png" server="C:/wamp/www/hzgrq/" local="130577731692294518" remote="130577731690000000" Dst="0" />
<file name="btn.png" server="C:/wamp/www/hzgrq/" local="130577731692294518" remote="130577731690000000" Dst="0" />
<file name="button.gif" server="C:/wamp/www/hzgrq/" local="130577731692304519" remote="130577731690000000" Dst="0" />
<file name="dct.gif" server="C:/wamp/www/hzgrq/" local="130577731692304519" remote="130577731690000000" Dst="0" />
<file name="desc.gif" server="C:/wamp/www/hzgrq/" local="130577731692304519" remote="130577731690000000" Dst="0" />
<file name="enter.png" server="C:/wamp/www/hzgrq/" local="130577731692304519" remote="130577731690000000" Dst="0" />
<file name="gre2.gif" server="C:/wamp/www/hzgrq/" local="130577731692314519" remote="130577731690000000" Dst="0" />
<file name="jian.jpg" server="C:/wamp/www/hzgrq/" local="130577731692314519" remote="130577731690000000" Dst="0" />
<file name="lightbox.gif" server="C:/wamp/www/hzgrq/" local="130577731692314519" remote="130577731690000000" Dst="0" />
<file name="loading_16x16.gif" server="C:/wamp/www/hzgrq/" local="130577731692314519" remote="130577731690000000" Dst="0" />
<file name="pndus.gif" server="C:/wamp/www/hzgrq/" local="130577731692344521" remote="130577731690000000" Dst="0" />
<file name="sorry.gif" server="C:/wamp/www/hzgrq/" local="130577731692354522" remote="130577731690000000" Dst="0" />
<file name="th-bg.gif" server="C:/wamp/www/hzgrq/" local="130577731692354522" remote="130577731690000000" Dst="0" />
<file name="top.gif" server="C:/wamp/www/hzgrq/" local="130577731692354522" remote="130577731690000000" Dst="0" />
</dwsync>